ICF_BTC_tx_history,,,,,,,,,,,
Timestamp (UTC),Type,Internal Id,Platform,Platform Id,Blockchain Id,Record Type,Asset,Amount,Description,$USD,SUM $USD
2017-04-05 16:31:28,Deposit,3287904677,Bitcoin,,,Credit,BTC,0.002,,,
2017-04-05 16:31:28,Deposit,3287904678,Bitcoin,,,Credit,BTC,0.001,,,
2017-04-05 16:44:29,Withdrawal,3287904676,Bitcoin,,,Debit,BTC,-0.0014,,$1.67,
2017-04-05 16:44:29,Withdrawal,3287904676,Bitcoin,,,Network Fee,BTC,-0.0006,,0.72,
2017-04-05 17:01:07,Withdrawal,3287904675,Bitcoin,,,Debit,BTC,-0.000442,,0.53,
2017-04-05 17:01:07,Withdrawal,3287904675,Bitcoin,,,Network Fee,BTC,-0.000558,,0.67,
2017-04-06 0:45:49,Deposit,3287904674,Bitcoin,,,Credit,BTC,0.00419998,,,
2017-04-06 2:25:06,Deposit,3287904673,Bitcoin,,,Credit,BTC,0.00919998,,,
2017-04-06 2:58:33,Deposit,3287904672,Bitcoin,,,Credit,BTC,0.00919998,,,
2017-04-06 3:50:48,Deposit,3287904671,Bitcoin,,,Credit,BTC,0.008893,,,
2017-04-06 4:47:45,Deposit,3287904670,Bitcoin,,,Credit,BTC,0.00919998,,,
2017-04-06 4:58:16,Deposit,3287904669,Bitcoin,,,Credit,BTC,0.00866422,,,
2017-04-06 5:08:25,Deposit,3287904668,Bitcoin,,,Credit,BTC,0.009337,,,
2017-04-06 5:13:52,Withdrawal,3287904667,Bitcoin,,,Debit,BTC,-0.03149294,,$37.70,
2017-04-06 5:50:13,Deposit,3287904666,Bitcoin,,,Credit,BTC,0.01019998,,,
2017-04-06 8:48:09,Deposit,3287904665,Bitcoin,,,Credit,BTC,0.00019998,,,
2017-04-06 13:06:30,Deposit,3287904341,Bitcoin,,,Credit,BTC,1.49919998,,,
2017-04-06 13:06:30,Deposit,3287904342,Bitcoin,,,Credit,BTC,4.99919998,,,
2017-04-06 13:06:30,Deposit,3287904343,Bitcoin,,,Credit,BTC,0.29919998,,,
2017-04-06 13:06:30,Deposit,3287904344,Bitcoin,,,Credit,BTC,59.89919998,,,
2017-04-06 13:06:30,Deposit,3287904345,Bitcoin,,,Credit,BTC,1.99919998,,,
2017-04-06 13:06:30,Deposit,3287904346,Bitcoin,,,Credit,BTC,0.24919998,,,
2017-04-06 13:06:30,Deposit,3287904347,Bitcoin,,,Credit,BTC,0.39919998,,,
2017-04-06 13:06:30,Deposit,3287904348,Bitcoin,,,Credit,BTC,49.99919998,,,
2017-04-06 13:06:30,Deposit,3287904349,Bitcoin,,,Credit,BTC,0.79919998,,,
2017-04-06 13:06:30,Deposit,3287904350,Bitcoin,,,Credit,BTC,0.12307605,,,
2017-04-06 13:06:30,Deposit,3287904351,Bitcoin,,,Credit,BTC,1.99919998,,,
2017-04-06 13:06:30,Deposit,3287904352,Bitcoin,,,Credit,BTC,52.31190021,,,
2017-04-06 13:06:30,Deposit,3287904353,Bitcoin,,,Credit,BTC,0.77919998,,,
2017-04-06 13:06:30,Deposit,3287904354,Bitcoin,,,Credit,BTC,3.99919998,,,
2017-04-06 13:06:30,Deposit,3287904355,Bitcoin,,,Credit,BTC,0.10919998,,,
2017-04-06 13:06:30,Deposit,3287904356,Bitcoin,,,Credit,BTC,74.99919998,,,
2017-04-06 13:06:30,Deposit,3287904357,Bitcoin,,,Credit,BTC,0.24919998,,,
2017-04-06 13:06:30,Deposit,3287904358,Bitcoin,,,Credit,BTC,11.99919998,,,
2017-04-06 13:06:30,Deposit,3287904359,Bitcoin,,,Credit,BTC,0.39919998,,,
2017-04-06 13:06:30,Deposit,3287904360,Bitcoin,,,Credit,BTC,29.99919998,,,
2017-04-06 13:06:30,Deposit,3287904361,Bitcoin,,,Credit,BTC,7.99919998,,,
2017-04-06 13:06:30,Deposit,3287904362,Bitcoin,,,Credit,BTC,0.84919998,,,
2017-04-06 13:06:30,Deposit,3287904363,Bitcoin,,,Credit,BTC,1.99868073,,,
2017-04-06 13:06:30,Deposit,3287904395,Bitcoin,,,Credit,BTC,14.99919998,,,
2017-04-06 13:06:30,Deposit,3287904396,Bitcoin,,,Credit,BTC,0.39919998,,,
2017-04-06 13:06:30,Deposit,3287904397,Bitcoin,,,Credit,BTC,5.19777038,,,
2017-04-06 13:06:30,Deposit,3287904398,Bitcoin,,,Credit,BTC,1.99919998,,,
2017-04-06 13:06:30,Deposit,3287904399,Bitcoin,,,Credit,BTC,0.33249998,,,
2017-04-06 13:06:30,Deposit,3287904400,Bitcoin,,,Credit,BTC,150.9992,,,
2017-04-06 13:06:30,Deposit,3287904401,Bitcoin,,,Credit,BTC,2.99919998,,,
2017-04-06 13:06:30,Deposit,3287904402,Bitcoin,,,Credit,BTC,20.95919998,,,
2017-04-06 13:06:30,Deposit,3287904403,Bitcoin,,,Credit,BTC,0.27266251,,,
2017-04-06 13:06:30,Deposit,3287904404,Bitcoin,,,Credit,BTC,1.99919998,,,
2017-04-06 13:06:30,Deposit,3287904405,Bitcoin,,,Credit,BTC,3.99919998,,,
2017-04-06 13:06:30,Deposit,3287904406,Bitcoin,,,Credit,BTC,1.19649668,,,
2017-04-06 13:06:30,Deposit,3287904407,Bitcoin,,,Credit,BTC,1.99919998,,,
2017-04-06 13:06:30,Deposit,3287904408,Bitcoin,,,Credit,BTC,3.99919998,,,
2017-04-06 13:06:30,Deposit,3287904409,Bitcoin,,,Credit,BTC,0.99919998,,,
2017-04-06 13:06:30,Deposit,3287904410,Bitcoin,,,Credit,BTC,2.99879318,,,
2017-04-06 13:06:30,Deposit,3287904411,Bitcoin,,,Credit,BTC,4.99919998,,,
2017-04-06 13:06:30,Deposit,3287904412,Bitcoin,,,Credit,BTC,1.99919998,,,
2017-04-06 13:06:30,Deposit,3287904413,Bitcoin,,,Credit,BTC,248.9353248,,,
2017-04-06 13:06:30,Deposit,3287904414,Bitcoin,,,Credit,BTC,0.77919998,,,
2017-04-06 13:06:30,Deposit,3287904415,Bitcoin,,,Credit,BTC,4.99919998,,,
2017-04-06 13:06:30,Deposit,3287904416,Bitcoin,,,Credit,BTC,0.34919998,,,
2017-04-06 13:06:30,Deposit,3287904417,Bitcoin,,,Credit,BTC,0.49919998,,,
2017-04-06 13:06:30,Deposit,3287904418,Bitcoin,,,Credit,BTC,19.99892878,,,
2017-04-06 13:06:30,Deposit,3287904419,Bitcoin,,,Credit,BTC,0.09919998,,,
2017-04-06 13:06:30,Deposit,3287904420,Bitcoin,,,Credit,BTC,1.99919998,,,
2017-04-06 13:06:30,Deposit,3287904421,Bitcoin,,,Credit,BTC,1.49919998,,,
2017-04-06 13:06:30,Deposit,3287904422,Bitcoin,,,Credit,BTC,1.59919998,,,
2017-04-06 13:06:30,Deposit,3287904423,Bitcoin,,,Credit,BTC,2.05217162,,,
2017-04-06 13:06:30,Deposit,3287904424,Bitcoin,,,Credit,BTC,1.49909998,,,
2017-04-06 13:06:30,Deposit,3287904425,Bitcoin,,,Credit,BTC,0.19919998,,,
2017-04-06 13:06:30,Deposit,3287904426,Bitcoin,,,Credit,BTC,0.60919998,,,
2017-04-06 13:06:30,Deposit,3287904427,Bitcoin,,,Credit,BTC,1.99919998,,,
2017-04-06 13:06:30,Deposit,3287904428,Bitcoin,,,Credit,BTC,98.12179998,,,
2017-04-06 13:06:30,Deposit,3287904429,Bitcoin,,,Credit,BTC,999.1329,,,
2017-04-06 13:06:30,Deposit,3287904430,Bitcoin,,,Credit,BTC,1.49919998,,,
2017-04-06 13:06:30,Deposit,3287904431,Bitcoin,,,Credit,BTC,109.9992,,,
2017-04-06 13:06:30,Deposit,3287904432,Bitcoin,,,Credit,BTC,0.99919998,,,
2017-04-06 13:06:30,Deposit,3287904433,Bitcoin,,,Credit,BTC,2.19387914,,,
2017-04-06 13:06:30,Deposit,3287904434,Bitcoin,,,Credit,BTC,1.69919998,,,
2017-04-06 13:06:30,Deposit,3287904435,Bitcoin,,,Credit,BTC,0.74919998,,,
2017-04-06 13:06:30,Deposit,3287904436,Bitcoin,,,Credit,BTC,69.99919998,,,
2017-04-06 13:06:30,Deposit,3287904437,Bitcoin,,,Credit,BTC,0.49919998,,,
2017-04-06 13:06:30,Deposit,3287904438,Bitcoin,,,Credit,BTC,24.99919998,,,
2017-04-06 13:06:30,Deposit,3287904439,Bitcoin,,,Credit,BTC,0.99919998,,,
2017-04-06 13:06:30,Deposit,3287904440,Bitcoin,,,Credit,BTC,7.00388363,,,
2017-04-06 13:06:30,Deposit,3287904441,Bitcoin,,,Credit,BTC,0.73019403,,,
2017-04-06 13:06:30,Deposit,3287904442,Bitcoin,,,Credit,BTC,0.99919998,,,
2017-04-06 13:06:30,Deposit,3287904443,Bitcoin,,,Credit,BTC,9.99919998,,,
2017-04-06 13:06:30,Deposit,3287904444,Bitcoin,,,Credit,BTC,70.80959197,,,
2017-04-06 13:06:30,Deposit,3287904445,Bitcoin,,,Credit,BTC,9.99919998,,,
2017-04-06 13:06:30,Deposit,3287904446,Bitcoin,,,Credit,BTC,1.99919998,,,
2017-04-06 13:06:30,Deposit,3287904447,Bitcoin,,,Credit,BTC,20.26786435,,,
2017-04-06 13:06:30,Deposit,3287904448,Bitcoin,,,Credit,BTC,12.82532888,,,
2017-04-06 13:06:30,Deposit,3287904449,Bitcoin,,,Credit,BTC,0.09869998,,,
2017-04-06 13:06:30,Deposit,3287904450,Bitcoin,,,Credit,BTC,0.94919998,,,
2017-04-06 13:06:30,Deposit,3287904451,Bitcoin,,,Credit,BTC,1.29919998,,,
2017-04-06 13:06:30,Deposit,3287904452,Bitcoin,,,Credit,BTC,99.99788021,,,
2017-04-06 13:06:30,Deposit,3287904453,Bitcoin,,,Credit,BTC,0.19803671,,,
2017-04-06 13:06:30,Deposit,3287904454,Bitcoin,,,Credit,BTC,4.39919998,,,
2017-04-06 13:06:30,Deposit,3287904455,Bitcoin,,,Credit,BTC,68.03042507,,,
2017-04-06 13:06:30,Deposit,3287904456,Bitcoin,,,Credit,BTC,1.60428125,,,
2017-04-06 13:06:30,Deposit,3287904457,Bitcoin,,,Credit,BTC,6.0240634,,,
2017-04-06 13:06:30,Deposit,3287904458,Bitcoin,,,Credit,BTC,1.59879318,,,
2017-04-06 13:06:30,Deposit,3287904459,Bitcoin,,,Credit,BTC,1.99919998,,,
2017-04-06 13:06:30,Deposit,3287904460,Bitcoin,,,Credit,BTC,0.29919998,,,
2017-04-06 13:06:30,Deposit,3287904461,Bitcoin,,,Credit,BTC,0.04119998,,,
2017-04-06 13:06:30,Deposit,3287904462,Bitcoin,,,Credit,BTC,15.84038738,,,
2017-04-06 13:06:30,Deposit,3287904463,Bitcoin,,,Credit,BTC,0.09919998,,,
2017-04-06 13:06:30,Deposit,3287904464,Bitcoin,,,Credit,BTC,0.19919998,,,
2017-04-06 13:06:30,Deposit,3287904465,Bitcoin,,,Credit,BTC,5.99919998,,,
2017-04-06 13:06:30,Deposit,3287904466,Bitcoin,,,Credit,BTC,3.99899998,,,
2017-04-06 13:06:30,Deposit,3287904467,Bitcoin,,,Credit,BTC,19.99919998,,,
2017-04-06 13:06:30,Deposit,3287904468,Bitcoin,,,Credit,BTC,19.99919998,,,
2017-04-06 13:06:30,Deposit,3287904469,Bitcoin,,,Credit,BTC,21.99919998,,,
2017-04-06 13:06:30,Deposit,3287904470,Bitcoin,,,Credit,BTC,0.49919998,,,
2017-04-06 13:06:30,Deposit,3287904471,Bitcoin,,,Credit,BTC,39.99919998,,,
2017-04-06 13:06:30,Deposit,3287904472,Bitcoin,,,Credit,BTC,8.99919998,,,
2017-04-06 13:06:30,Deposit,3287904473,Bitcoin,,,Credit,BTC,0.99919998,,,
2017-04-06 13:06:30,Deposit,3287904474,Bitcoin,,,Credit,BTC,0.14919998,,,
2017-04-06 13:06:30,Deposit,3287904475,Bitcoin,,,Credit,BTC,0.45502982,,,
2017-04-06 13:06:30,Deposit,3287904476,Bitcoin,,,Credit,BTC,4.99919998,,,
2017-04-06 13:06:30,Deposit,3287904477,Bitcoin,,,Credit,BTC,38.41870998,,,
2017-04-06 13:06:30,Deposit,3287904478,Bitcoin,,,Credit,BTC,1.79919998,,,
2017-04-06 13:06:30,Deposit,3287904479,Bitcoin,,,Credit,BTC,0.89629998,,,
2017-04-06 13:06:30,Deposit,3287904480,Bitcoin,,,Credit,BTC,2.99877962,,,
2017-04-06 13:06:30,Deposit,3287904481,Bitcoin,,,Credit,BTC,3.82919998,,,
2017-04-06 13:06:30,Deposit,3287904482,Bitcoin,,,Credit,BTC,7.49919998,,,
2017-04-06 13:06:30,Deposit,3287904483,Bitcoin,,,Credit,BTC,0.39919998,,,
2017-04-06 13:06:30,Deposit,3287904484,Bitcoin,,,Credit,BTC,4.99919998,,,
2017-04-06 13:06:30,Deposit,3287904485,Bitcoin,,,Credit,BTC,11.59321359,,,
2017-04-06 13:06:30,Deposit,3287904486,Bitcoin,,,Credit,BTC,5.17528816,,,
2017-04-06 13:06:30,Deposit,3287904487,Bitcoin,,,Credit,BTC,0.42584298,,,
2017-04-06 13:06:30,Deposit,3287904488,Bitcoin,,,Credit,BTC,14.99919998,,,
2017-04-06 13:06:30,Deposit,3287904489,Bitcoin,,,Credit,BTC,31.19734721,,,
2017-04-06 13:06:30,Deposit,3287904490,Bitcoin,,,Credit,BTC,200.5114116,,,
2017-04-06 13:06:30,Deposit,3287904491,Bitcoin,,,Credit,BTC,0.74919998,,,
2017-04-06 13:06:30,Deposit,3287904492,Bitcoin,,,Credit,BTC,52.49861198,,,
2017-04-06 13:06:30,Deposit,3287904645,Bitcoin,,,Credit,BTC,4.99919998,,,
2017-04-06 13:06:30,Deposit,3287904646,Bitcoin,,,Credit,BTC,1.99919998,,,
2017-04-06 13:06:30,Deposit,3287904647,Bitcoin,,,Credit,BTC,5.49919998,,,
2017-04-06 13:06:30,Deposit,3287904648,Bitcoin,,,Credit,BTC,1.99919998,,,
2017-04-06 13:06:30,Deposit,3287904649,Bitcoin,,,Credit,BTC,0.01919998,,,
2017-04-06 13:06:30,Deposit,3287904650,Bitcoin,,,Credit,BTC,22.10719998,,,
2017-04-06 13:06:30,Deposit,3287904651,Bitcoin,,,Credit,BTC,54.99919998,,,
2017-04-06 13:06:30,Deposit,3287904652,Bitcoin,,,Credit,BTC,9.99919998,,,
2017-04-06 13:06:30,Deposit,3287904653,Bitcoin,,,Credit,BTC,0.99919998,,,
2017-04-06 13:06:30,Deposit,3287904654,Bitcoin,,,Credit,BTC,0.54049784,,,
2017-04-06 13:06:30,Deposit,3287904655,Bitcoin,,,Credit,BTC,42.49919998,,,
2017-04-06 13:06:30,Deposit,3287904656,Bitcoin,,,Credit,BTC,2.99919998,,,
2017-04-06 13:06:30,Deposit,3287904657,Bitcoin,,,Credit,BTC,0.18439998,,,
2017-04-06 13:06:30,Deposit,3287904658,Bitcoin,,,Credit,BTC,9.99919998,,,
2017-04-06 13:06:30,Deposit,3287904659,Bitcoin,,,Credit,BTC,8.99919998,,,
2017-04-06 13:06:30,Deposit,3287904660,Bitcoin,,,Credit,BTC,12.99919998,,,
2017-04-06 13:06:30,Deposit,3287904661,Bitcoin,,,Credit,BTC,7.63519998,,,
2017-04-06 13:06:30,Deposit,3287904662,Bitcoin,,,Credit,BTC,2.49919998,,,
2017-04-06 13:06:30,Deposit,3287904663,Bitcoin,,,Credit,BTC,42.99919998,,,
2017-04-06 13:06:30,Deposit,3287904664,Bitcoin,,,Credit,BTC,1.82571001,,,
2017-04-06 13:07:18,Deposit,3287904323,Bitcoin,,,Credit,BTC,18.09919998,,,
2017-04-06 13:07:18,Deposit,3287904324,Bitcoin,,,Credit,BTC,4.99919998,,,
2017-04-06 13:07:18,Deposit,3287904325,Bitcoin,,,Credit,BTC,42.99944698,,,
2017-04-06 13:07:18,Deposit,3287904326,Bitcoin,,,Credit,BTC,0.08431555,,,
2017-04-06 13:07:18,Deposit,3287904327,Bitcoin,,,Credit,BTC,1.19919998,,,
2017-04-06 13:07:18,Deposit,3287904328,Bitcoin,,,Credit,BTC,79.99919998,,,
2017-04-06 13:07:18,Deposit,3287904329,Bitcoin,,,Credit,BTC,8.49919998,,,
2017-04-06 13:07:18,Deposit,3287904330,Bitcoin,,,Credit,BTC,0.12275084,,,
2017-04-06 13:07:18,Deposit,3287904331,Bitcoin,,,Credit,BTC,0.99919998,,,
2017-04-06 13:07:18,Deposit,3287904332,Bitcoin,,,Credit,BTC,2.99879998,,,
2017-04-06 13:07:18,Deposit,3287904333,Bitcoin,,,Credit,BTC,21.99694422,,,
2017-04-06 13:07:18,Deposit,3287904334,Bitcoin,,,Credit,BTC,0.79291778,,,
2017-04-06 13:07:18,Deposit,3287904335,Bitcoin,,,Credit,BTC,5.79919998,,,
2017-04-06 13:07:18,Deposit,3287904336,Bitcoin,,,Credit,BTC,9.49919998,,,
2017-04-06 13:07:18,Deposit,3287904337,Bitcoin,,,Credit,BTC,1.01019997,,,
2017-04-06 13:07:18,Deposit,3287904338,Bitcoin,,,Credit,BTC,36.79090998,,,
2017-04-06 13:07:18,Deposit,3287904339,Bitcoin,,,Credit,BTC,9.99919998,,,
2017-04-06 13:07:18,Deposit,3287904340,Bitcoin,,,Credit,BTC,0.94919998,,,
2017-04-06 13:09:51,Deposit,3287904282,Bitcoin,,,Credit,BTC,2.99919998,,,
2017-04-06 13:09:51,Deposit,3287904283,Bitcoin,,,Credit,BTC,4.99919998,,,
2017-04-06 13:09:51,Deposit,3287904284,Bitcoin,,,Credit,BTC,0.86919998,,,
2017-04-06 13:09:51,Deposit,3287904285,Bitcoin,,,Credit,BTC,3.49919998,,,
2017-04-06 13:09:51,Deposit,3287904286,Bitcoin,,,Credit,BTC,0.42961076,,,
2017-04-06 13:09:51,Deposit,3287904287,Bitcoin,,,Credit,BTC,5.99919998,,,
2017-04-06 13:09:51,Deposit,3287904288,Bitcoin,,,Credit,BTC,0.99919998,,,
2017-04-06 13:09:51,Deposit,3287904289,Bitcoin,,,Credit,BTC,0.99919998,,,
2017-04-06 13:09:51,Deposit,3287904290,Bitcoin,,,Credit,BTC,2.05985743,,,
2017-04-06 13:09:51,Deposit,3287904291,Bitcoin,,,Credit,BTC,7.99919998,,,
2017-04-06 13:09:51,Deposit,3287904292,Bitcoin,,,Credit,BTC,0.99919998,,,
2017-04-06 13:09:51,Deposit,3287904293,Bitcoin,,,Credit,BTC,19.99919998,,,
2017-04-06 13:09:51,Deposit,3287904294,Bitcoin,,,Credit,BTC,0.99919998,,,
2017-04-06 13:09:51,Deposit,3287904295,Bitcoin,,,Credit,BTC,19.99919998,,,
2017-04-06 13:09:51,Deposit,3287904296,Bitcoin,,,Credit,BTC,2.74919998,,,
2017-04-06 13:09:51,Deposit,3287904297,Bitcoin,,,Credit,BTC,0.00919998,,,
2017-04-06 13:09:51,Deposit,3287904298,Bitcoin,,,Credit,BTC,7.99919998,,,
2017-04-06 13:09:51,Deposit,3287904299,Bitcoin,,,Credit,BTC,1.99919998,,,
2017-04-06 13:09:51,Deposit,3287904300,Bitcoin,,,Credit,BTC,4.99919998,,,
2017-04-06 13:09:51,Deposit,3287904301,Bitcoin,,,Credit,BTC,1.99919998,,,
2017-04-06 13:09:51,Deposit,3287904302,Bitcoin,,,Credit,BTC,0.39919998,,,
2017-04-06 13:09:51,Deposit,3287904303,Bitcoin,,,Credit,BTC,0.49919998,,,
2017-04-06 13:09:51,Deposit,3287904304,Bitcoin,,,Credit,BTC,0.49919998,,,
2017-04-06 13:09:51,Deposit,3287904305,Bitcoin,,,Credit,BTC,2.99919998,,,
2017-04-06 13:09:51,Deposit,3287904306,Bitcoin,,,Credit,BTC,1.49919998,,,
2017-04-06 13:09:51,Deposit,3287904307,Bitcoin,,,Credit,BTC,0.45519998,,,
2017-04-06 13:09:51,Deposit,3287904308,Bitcoin,,,Credit,BTC,0.99919998,,,
2017-04-06 13:09:51,Deposit,3287904309,Bitcoin,,,Credit,BTC,6.49919998,,,
2017-04-06 13:09:51,Deposit,3287904310,Bitcoin,,,Credit,BTC,2.49919998,,,
2017-04-06 13:09:51,Deposit,3287904311,Bitcoin,,,Credit,BTC,20.99909998,,,
2017-04-06 13:09:51,Deposit,3287904312,Bitcoin,,,Credit,BTC,0.19919998,,,
2017-04-06 13:09:51,Deposit,3287904313,Bitcoin,,,Credit,BTC,6.99919998,,,
2017-04-06 13:09:51,Deposit,3287904314,Bitcoin,,,Credit,BTC,2.99919998,,,
2017-04-06 13:09:51,Deposit,3287904315,Bitcoin,,,Credit,BTC,1.49919998,,,
2017-04-06 13:09:51,Deposit,3287904316,Bitcoin,,,Credit,BTC,5.07871363,,,
2017-04-06 13:09:51,Deposit,3287904317,Bitcoin,,,Credit,BTC,0.32019998,,,
2017-04-06 13:09:51,Deposit,3287904318,Bitcoin,,,Credit,BTC,0.99919998,,,
2017-04-06 13:09:51,Deposit,3287904319,Bitcoin,,,Credit,BTC,3.14619998,,,
2017-04-06 13:09:51,Deposit,3287904320,Bitcoin,,,Credit,BTC,3.99919998,,,
2017-04-06 13:09:51,Deposit,3287904321,Bitcoin,,,Credit,BTC,0.19919998,,,
2017-04-06 13:09:51,Deposit,3287904322,Bitcoin,,,Credit,BTC,0.00919998,,,
2017-04-06 13:09:51,Deposit,3287904630,Bitcoin,,,Credit,BTC,19.96219998,,,
2017-04-06 13:09:51,Deposit,3287904631,Bitcoin,,,Credit,BTC,0.99819998,,,
2017-04-06 13:09:51,Deposit,3287904632,Bitcoin,,,Credit,BTC,2.48919998,,,
2017-04-06 13:09:51,Deposit,3287904633,Bitcoin,,,Credit,BTC,0.22217257,,,
2017-04-06 13:09:51,Deposit,3287904634,Bitcoin,,,Credit,BTC,0.04919998,,,
2017-04-06 13:09:51,Deposit,3287904635,Bitcoin,,,Credit,BTC,0.99919998,,,
2017-04-06 13:09:51,Deposit,3287904636,Bitcoin,,,Credit,BTC,6.99919998,,,
2017-04-06 13:09:51,Deposit,3287904637,Bitcoin,,,Credit,BTC,2.02369998,,,
2017-04-06 13:09:51,Deposit,3287904638,Bitcoin,,,Credit,BTC,0.49919998,,,
2017-04-06 13:09:51,Deposit,3287904639,Bitcoin,,,Credit,BTC,1.70577198,,,
2017-04-06 13:09:51,Deposit,3287904640,Bitcoin,,,Credit,BTC,1.99919998,,,
2017-04-06 13:09:51,Deposit,3287904641,Bitcoin,,,Credit,BTC,3.03919998,,,
2017-04-06 13:09:51,Deposit,3287904642,Bitcoin,,,Credit,BTC,2.79919998,,,
2017-04-06 13:09:51,Deposit,3287904643,Bitcoin,,,Credit,BTC,5.48319998,,,
2017-04-06 13:09:51,Deposit,3287904644,Bitcoin,,,Credit,BTC,0.09919998,,,
2017-04-06 13:18:35,Deposit,3287904504,Bitcoin,,,Credit,BTC,0.19919998,,,
2017-04-06 13:18:35,Deposit,3287904505,Bitcoin,,,Credit,BTC,2.99919998,,,
2017-04-06 13:18:35,Deposit,3287904506,Bitcoin,,,Credit,BTC,2.99919998,,,
2017-04-06 13:18:35,Deposit,3287904507,Bitcoin,,,Credit,BTC,0.18220407,,,
2017-04-06 13:18:35,Deposit,3287904508,Bitcoin,,,Credit,BTC,0.09919998,,,
2017-04-06 13:18:35,Deposit,3287904509,Bitcoin,,,Credit,BTC,1.99919998,,,
2017-04-06 13:18:35,Deposit,3287904510,Bitcoin,,,Credit,BTC,0.99919998,,,
2017-04-06 13:18:35,Deposit,3287904511,Bitcoin,,,Credit,BTC,9.99919998,,,
2017-04-06 13:18:35,Deposit,3287904512,Bitcoin,,,Credit,BTC,0.09919998,,,
2017-04-06 13:18:35,Deposit,3287904513,Bitcoin,,,Credit,BTC,14.99909998,,,
2017-04-06 13:18:35,Deposit,3287904514,Bitcoin,,,Credit,BTC,1.99919998,,,
2017-04-06 13:18:35,Deposit,3287904515,Bitcoin,,,Credit,BTC,1.00019997,,,
2017-04-06 13:18:35,Deposit,3287904516,Bitcoin,,,Credit,BTC,4.94764192,,,
2017-04-06 13:18:35,Deposit,3287904517,Bitcoin,,,Credit,BTC,17.99919998,,,
2017-04-06 13:18:35,Deposit,3287904518,Bitcoin,,,Credit,BTC,0.24919998,,,
2017-04-06 13:18:35,Deposit,3287904519,Bitcoin,,,Credit,BTC,2.73055998,,,
2017-04-06 13:18:35,Deposit,3287904520,Bitcoin,,,Credit,BTC,0.99919998,,,
2017-04-06 13:18:35,Deposit,3287904521,Bitcoin,,,Credit,BTC,0.00919998,,,
2017-04-06 13:18:35,Deposit,3287904522,Bitcoin,,,Credit,BTC,0.01169831,,,
2017-04-06 13:18:35,Deposit,3287904523,Bitcoin,,,Credit,BTC,0.07399998,,,
2017-04-06 13:18:35,Deposit,3287904524,Bitcoin,,,Credit,BTC,3.49879318,,,
2017-04-06 13:18:35,Deposit,3287904525,Bitcoin,,,Credit,BTC,9.99919998,,,
2017-04-06 13:18:35,Deposit,3287904526,Bitcoin,,,Credit,BTC,0.49919998,,,
2017-04-06 13:18:35,Deposit,3287904527,Bitcoin,,,Credit,BTC,1.49471408,,,
2017-04-06 13:18:35,Deposit,3287904528,Bitcoin,,,Credit,BTC,0.94799998,,,
2017-04-06 13:18:35,Deposit,3287904529,Bitcoin,,,Credit,BTC,0.01919998,,,
2017-04-06 13:18:35,Deposit,3287904530,Bitcoin,,,Credit,BTC,44.0544733,,,
2017-04-06 13:18:35,Deposit,3287904531,Bitcoin,,,Credit,BTC,0.44867859,,,
2017-04-06 13:18:35,Deposit,3287904532,Bitcoin,,,Credit,BTC,0.85119998,,,
2017-04-06 13:18:35,Deposit,3287904533,Bitcoin,,,Credit,BTC,0.99919998,,,
2017-04-06 13:18:35,Deposit,3287904534,Bitcoin,,,Credit,BTC,0.50943491,,,
2017-04-06 13:18:35,Deposit,3287904535,Bitcoin,,,Credit,BTC,0.99779998,,,
2017-04-06 13:18:35,Deposit,3287904536,Bitcoin,,,Credit,BTC,1.99919998,,,
2017-04-06 13:18:35,Deposit,3287904537,Bitcoin,,,Credit,BTC,0.99919998,,,
2017-04-06 13:18:35,Deposit,3287904538,Bitcoin,,,Credit,BTC,0.08464231,,,
2017-04-06 13:18:35,Deposit,3287904539,Bitcoin,,,Credit,BTC,42.99919998,,,
2017-04-06 13:18:35,Deposit,3287904540,Bitcoin,,,Credit,BTC,0.03719998,,,
2017-04-06 13:18:35,Deposit,3287904541,Bitcoin,,,Credit,BTC,0.54635228,,,
2017-04-06 13:18:35,Deposit,3287904542,Bitcoin,,,Credit,BTC,25.00018611,,,
2017-04-06 13:18:35,Deposit,3287904543,Bitcoin,,,Credit,BTC,4.99919998,,,
2017-04-06 13:18:35,Deposit,3287904544,Bitcoin,,,Credit,BTC,8.99919998,,,
2017-04-06 13:18:35,Deposit,3287904545,Bitcoin,,,Credit,BTC,1.9262614,,,
2017-04-06 13:18:35,Deposit,3287904546,Bitcoin,,,Credit,BTC,1.99981408,,,
2017-04-06 13:18:35,Deposit,3287904547,Bitcoin,,,Credit,BTC,9.99919998,,,
2017-04-06 13:18:35,Deposit,3287904548,Bitcoin,,,Credit,BTC,9.99919998,,,
2017-04-06 13:18:35,Deposit,3287904549,Bitcoin,,,Credit,BTC,0.07030543,,,
2017-04-06 13:18:35,Deposit,3287904550,Bitcoin,,,Credit,BTC,0.04080998,,,
2017-04-06 13:18:35,Deposit,3287904551,Bitcoin,,,Credit,BTC,0.19919998,,,
2017-04-06 13:18:35,Deposit,3287904552,Bitcoin,,,Credit,BTC,0.25549898,,,
2017-04-06 13:18:35,Deposit,3287904553,Bitcoin,,,Credit,BTC,4.99919998,,,
2017-04-06 13:18:35,Deposit,3287904554,Bitcoin,,,Credit,BTC,1.49919998,,,
2017-04-06 13:18:35,Deposit,3287904555,Bitcoin,,,Credit,BTC,0.99919998,,,
2017-04-06 13:18:35,Deposit,3287904556,Bitcoin,,,Credit,BTC,41.1904841,,,
2017-04-06 13:18:35,Deposit,3287904557,Bitcoin,,,Credit,BTC,0.69919998,,,
2017-04-06 13:18:35,Deposit,3287904558,Bitcoin,,,Credit,BTC,4.99919998,,,
2017-04-06 13:18:35,Deposit,3287904559,Bitcoin,,,Credit,BTC,10.99909998,,,
2017-04-06 13:18:35,Deposit,3287904560,Bitcoin,,,Credit,BTC,4.29919998,,,
2017-04-06 13:18:35,Deposit,3287904561,Bitcoin,,,Credit,BTC,0.25523798,,,
2017-04-06 13:18:35,Deposit,3287904562,Bitcoin,,,Credit,BTC,0.39709998,,,
2017-04-06 13:18:35,Deposit,3287904563,Bitcoin,,,Credit,BTC,0.88723998,,,
2017-04-06 13:18:35,Deposit,3287904564,Bitcoin,,,Credit,BTC,1.99919998,,,
2017-04-06 13:18:35,Deposit,3287904565,Bitcoin,,,Credit,BTC,5.00919998,,,
2017-04-06 13:18:35,Deposit,3287904566,Bitcoin,,,Credit,BTC,4.39919998,,,
2017-04-06 13:18:35,Deposit,3287904567,Bitcoin,,,Credit,BTC,0.19899998,,,
2017-04-06 13:18:35,Deposit,3287904568,Bitcoin,,,Credit,BTC,0.16869998,,,
2017-04-06 13:18:35,Deposit,3287904569,Bitcoin,,,Credit,BTC,1.99919998,,,
2017-04-06 13:18:35,Deposit,3287904570,Bitcoin,,,Credit,BTC,2.29919997,,,
2017-04-06 13:18:35,Deposit,3287904571,Bitcoin,,,Credit,BTC,0.49919998,,,
2017-04-06 13:18:35,Deposit,3287904572,Bitcoin,,,Credit,BTC,0.49919998,,,
2017-04-06 13:18:35,Deposit,3287904573,Bitcoin,,,Credit,BTC,10.24869997,,,
2017-04-06 13:18:35,Deposit,3287904574,Bitcoin,,,Credit,BTC,0.04919998,,,
2017-04-06 13:18:35,Deposit,3287904575,Bitcoin,,,Credit,BTC,0.61816532,,,
2017-04-06 13:18:35,Deposit,3287904576,Bitcoin,,,Credit,BTC,0.19869998,,,
2017-04-06 13:18:35,Deposit,3287904577,Bitcoin,,,Credit,BTC,0.75972624,,,
2017-04-06 13:18:35,Deposit,3287904578,Bitcoin,,,Credit,BTC,3.99919998,,,
2017-04-06 13:18:35,Deposit,3287904579,Bitcoin,,,Credit,BTC,0.53357798,,,
2017-04-06 13:18:35,Deposit,3287904580,Bitcoin,,,Credit,BTC,19.52569997,,,
2017-04-06 13:18:35,Deposit,3287904581,Bitcoin,,,Credit,BTC,0.99919998,,,
2017-04-06 13:18:35,Deposit,3287904582,Bitcoin,,,Credit,BTC,2.99899998,,,
2017-04-06 13:18:35,Deposit,3287904583,Bitcoin,,,Credit,BTC,1.59909998,,,
2017-04-06 13:18:35,Deposit,3287904584,Bitcoin,,,Credit,BTC,0.49909998,,,
2017-04-06 13:18:35,Deposit,3287904585,Bitcoin,,,Credit,BTC,1.59909998,,,
2017-04-06 13:18:35,Deposit,3287904586,Bitcoin,,,Credit,BTC,9.99919998,,,
2017-04-06 13:18:35,Deposit,3287904587,Bitcoin,,,Credit,BTC,3.99919998,,,
2017-04-06 13:18:35,Deposit,3287904588,Bitcoin,,,Credit,BTC,0.99919998,,,
2017-04-06 13:18:35,Deposit,3287904589,Bitcoin,,,Credit,BTC,0.02650995,,,
2017-04-06 13:18:35,Deposit,3287904590,Bitcoin,,,Credit,BTC,1.49919998,,,
2017-04-06 13:18:35,Deposit,3287904591,Bitcoin,,,Credit,BTC,0.49919998,,,
2017-04-06 13:18:35,Deposit,3287904592,Bitcoin,,,Credit,BTC,0.04919998,,,
2017-04-06 13:18:35,Deposit,3287904593,Bitcoin,,,Credit,BTC,1.71819998,,,
2017-04-06 13:18:35,Deposit,3287904594,Bitcoin,,,Credit,BTC,0.39919998,,,
2017-04-06 13:18:35,Deposit,3287904595,Bitcoin,,,Credit,BTC,7.49919998,,,
2017-04-06 13:18:35,Deposit,3287904596,Bitcoin,,,Credit,BTC,0.32892878,,,
2017-04-06 13:18:35,Deposit,3287904597,Bitcoin,,,Credit,BTC,4.99919998,,,
2017-04-06 13:18:35,Deposit,3287904598,Bitcoin,,,Credit,BTC,0.49919998,,,
2017-04-06 13:18:35,Deposit,3287904599,Bitcoin,,,Credit,BTC,0.42584298,,,
2017-04-06 13:18:35,Deposit,3287904600,Bitcoin,,,Credit,BTC,0.09919998,,,
2017-04-06 13:18:35,Deposit,3287904601,Bitcoin,,,Credit,BTC,1.99919998,,,
2017-04-06 13:18:35,Deposit,3287904602,Bitcoin,,,Credit,BTC,0.99919998,,,
2017-04-06 13:18:35,Deposit,3287904603,Bitcoin,,,Credit,BTC,0.09926328,,,
2017-04-06 13:18:35,Deposit,3287904604,Bitcoin,,,Credit,BTC,11.99919998,,,
2017-04-06 13:18:35,Deposit,3287904605,Bitcoin,,,Credit,BTC,4.99919998,,,
2017-04-06 13:18:35,Deposit,3287904606,Bitcoin,,,Credit,BTC,0.42503105,,,
2017-04-06 13:18:35,Deposit,3287904607,Bitcoin,,,Credit,BTC,1.51919998,,,
2017-04-06 13:18:35,Deposit,3287904608,Bitcoin,,,Credit,BTC,41.05923259,,,
2017-04-06 13:18:35,Deposit,3287904609,Bitcoin,,,Credit,BTC,0.39919998,,,
2017-04-06 13:18:35,Deposit,3287904610,Bitcoin,,,Credit,BTC,0.49919998,,,
2017-04-06 13:18:35,Deposit,3287904611,Bitcoin,,,Credit,BTC,0.99919998,,,
2017-04-06 13:18:35,Deposit,3287904612,Bitcoin,,,Credit,BTC,0.99919998,,,
2017-04-06 13:18:35,Deposit,3287904613,Bitcoin,,,Credit,BTC,0.99780426,,,
2017-04-06 13:18:35,Deposit,3287904614,Bitcoin,,,Credit,BTC,49.99919998,,,
2017-04-06 13:18:35,Deposit,3287904615,Bitcoin,,,Credit,BTC,1.07919998,,,
2017-04-06 13:18:35,Deposit,3287904616,Bitcoin,,,Credit,BTC,9.13827639,,,
2017-04-06 13:18:35,Deposit,3287904617,Bitcoin,,,Credit,BTC,1.19919998,,,
2017-04-06 13:18:35,Deposit,3287904618,Bitcoin,,,Credit,BTC,0.01041472,,,
2017-04-06 13:18:35,Deposit,3287904619,Bitcoin,,,Credit,BTC,1.99919998,,,
2017-04-06 13:18:35,Deposit,3287904620,Bitcoin,,,Credit,BTC,9.99919998,,,
2017-04-06 13:18:35,Deposit,3287904621,Bitcoin,,,Credit,BTC,69.99919998,,,
2017-04-06 13:18:35,Deposit,3287904622,Bitcoin,,,Credit,BTC,0.16919998,,,
2017-04-06 13:18:35,Deposit,3287904623,Bitcoin,,,Credit,BTC,9.99919998,,,
2017-04-06 13:18:35,Deposit,3287904624,Bitcoin,,,Credit,BTC,2.02919997,,,
2017-04-06 13:18:35,Deposit,3287904625,Bitcoin,,,Credit,BTC,1.99919998,,,
2017-04-06 13:18:35,Deposit,3287904626,Bitcoin,,,Credit,BTC,1.99919998,,,
2017-04-06 13:18:35,Deposit,3287904627,Bitcoin,,,Credit,BTC,0.25567298,,,
2017-04-06 13:18:35,Deposit,3287904628,Bitcoin,,,Credit,BTC,0.99919998,,,
2017-04-06 13:18:35,Deposit,3287904629,Bitcoin,,,Credit,BTC,1.74919998,,,
2017-04-06 13:33:56,Deposit,3287904190,Bitcoin,,,Credit,BTC,0.01919998,,,
2017-04-06 13:33:56,Deposit,3287904191,Bitcoin,,,Credit,BTC,0.03419998,,,
2017-04-06 13:33:56,Deposit,3287904192,Bitcoin,,,Credit,BTC,19.86919998,,,
2017-04-06 13:33:56,Deposit,3287904193,Bitcoin,,,Credit,BTC,99.99919998,,,
2017-04-06 13:33:56,Deposit,3287904194,Bitcoin,,,Credit,BTC,0.29919998,,,
2017-04-06 13:33:56,Deposit,3287904195,Bitcoin,,,Credit,BTC,0.99919998,,,
2017-04-06 13:33:56,Deposit,3287904196,Bitcoin,,,Credit,BTC,0.42846695,,,
2017-04-06 13:33:56,Deposit,3287904197,Bitcoin,,,Credit,BTC,0.19919998,,,
2017-04-06 13:33:56,Deposit,3287904198,Bitcoin,,,Credit,BTC,0.39919998,,,
2017-04-06 13:33:56,Deposit,3287904199,Bitcoin,,,Credit,BTC,0.99919998,,,
2017-04-06 13:33:56,Deposit,3287904200,Bitcoin,,,Credit,BTC,0.49909998,,#REF!,
2017-04-06 13:33:56,Deposit,3287904201,Bitcoin,,,Credit,BTC,0.19869998,,,
2017-04-06 13:33:56,Deposit,3287904202,Bitcoin,,,Credit,BTC,0.18919998,,,
2017-04-06 13:33:56,Deposit,3287904203,Bitcoin,,,Credit,BTC,0.03474998,,,
2017-04-06 13:33:56,Deposit,3287904204,Bitcoin,,,Credit,BTC,0.00919998,,,
2017-04-06 13:33:56,Deposit,3287904205,Bitcoin,,,Credit,BTC,0.49909998,,,
2017-04-06 13:33:56,Deposit,3287904206,Bitcoin,,,Credit,BTC,16.99919998,,,
2017-04-06 13:33:56,Deposit,3287904207,Bitcoin,,,Credit,BTC,0.19919998,,,
2017-04-06 13:33:56,Deposit,3287904208,Bitcoin,,,Credit,BTC,0.78417925,,,
2017-04-06 13:33:56,Deposit,3287904209,Bitcoin,,,Credit,BTC,0.45519998,,,
2017-04-06 13:33:56,Deposit,3287904210,Bitcoin,,,Credit,BTC,5.42491199,,,
2017-04-06 13:33:56,Deposit,3287904211,Bitcoin,,,Credit,BTC,0.4554058,,,
2017-04-06 13:33:56,Deposit,3287904212,Bitcoin,,,Credit,BTC,0.04919998,,,
2017-04-06 13:33:56,Deposit,3287904213,Bitcoin,,,Credit,BTC,9.99919998,,,
2017-04-06 13:33:56,Deposit,3287904214,Bitcoin,,,Credit,BTC,0.99919998,,,
2017-04-06 13:33:56,Deposit,3287904215,Bitcoin,,,Credit,BTC,0.29919998,,,
2017-04-06 13:33:56,Deposit,3287904216,Bitcoin,,,Credit,BTC,33.81919998,,,
2017-04-06 13:33:56,Deposit,3287904217,Bitcoin,,,Credit,BTC,11.65577012,,,
2017-04-06 13:33:56,Deposit,3287904218,Bitcoin,,,Credit,BTC,2.49919998,,,
2017-04-06 13:33:56,Deposit,3287904219,Bitcoin,,,Credit,BTC,1.59919998,,,
2017-04-06 13:33:56,Deposit,3287904220,Bitcoin,,,Credit,BTC,0.99819998,,,
2017-04-06 13:33:56,Deposit,3287904221,Bitcoin,,,Credit,BTC,0.99919998,,,
2017-04-06 13:33:56,Deposit,3287904222,Bitcoin,,,Credit,BTC,1.99919998,,,
2017-04-06 13:33:56,Deposit,3287904223,Bitcoin,,,Credit,BTC,0.28899998,,,
2017-04-06 13:33:56,Deposit,3287904224,Bitcoin,,,Credit,BTC,29.99919998,,,
2017-04-06 13:33:56,Deposit,3287904225,Bitcoin,,,Credit,BTC,0.99819998,,,
2017-04-06 13:33:56,Deposit,3287904226,Bitcoin,,,Credit,BTC,0.99919998,,,
2017-04-06 13:33:56,Deposit,3287904227,Bitcoin,,,Credit,BTC,0.19919998,,,
2017-04-06 13:33:56,Deposit,3287904228,Bitcoin,,,Credit,BTC,16.96655777,,,
2017-04-06 13:33:56,Deposit,3287904229,Bitcoin,,,Credit,BTC,0.63443444,,,
2017-04-06 13:33:56,Deposit,3287904230,Bitcoin,,,Credit,BTC,19.99919998,,,
2017-04-06 13:33:56,Deposit,3287904231,Bitcoin,,,Credit,BTC,0.58021998,,,
2017-04-06 13:33:56,Deposit,3287904232,Bitcoin,,,Credit,BTC,1.39919998,,,
2017-04-06 13:33:56,Deposit,3287904233,Bitcoin,,,Credit,BTC,0.49919998,,,
2017-04-06 13:33:56,Deposit,3287904234,Bitcoin,,,Credit,BTC,0.39919998,,,
2017-04-06 13:33:56,Deposit,3287904235,Bitcoin,,,Credit,BTC,0.49919998,,,
2017-04-06 13:33:56,Deposit,3287904236,Bitcoin,,,Credit,BTC,0.69919998,,,
2017-04-06 13:33:56,Deposit,3287904237,Bitcoin,,,Credit,BTC,0.15030423,,,
2017-04-06 13:33:56,Deposit,3287904238,Bitcoin,,,Credit,BTC,3.99919998,,,
2017-04-06 13:33:56,Deposit,3287904239,Bitcoin,,,Credit,BTC,0.05469998,,,
2017-04-06 13:33:56,Deposit,3287904240,Bitcoin,,,Credit,BTC,1.00289997,,,
2017-04-06 13:33:56,Deposit,3287904241,Bitcoin,,,Credit,BTC,0.43779467,,,
2017-04-06 13:33:56,Deposit,3287904242,Bitcoin,,,Credit,BTC,0.49919998,,,
2017-04-06 13:33:56,Deposit,3287904243,Bitcoin,,,Credit,BTC,1.71353958,,,
2017-04-06 13:33:56,Deposit,3287904244,Bitcoin,,,Credit,BTC,1.49919998,,,
2017-04-06 13:33:56,Deposit,3287904245,Bitcoin,,,Credit,BTC,0.00919998,,,
2017-04-06 13:33:56,Deposit,3287904246,Bitcoin,,,Credit,BTC,0.34919998,,,
2017-04-06 13:33:56,Deposit,3287904247,Bitcoin,,,Credit,BTC,0.08563972,,,
2017-04-06 13:33:56,Deposit,3287904248,Bitcoin,,,Credit,BTC,0.24919998,,,
2017-04-06 13:33:56,Deposit,3287904249,Bitcoin,,,Credit,BTC,0.01270858,,,
2017-04-06 13:33:56,Deposit,3287904250,Bitcoin,,,Credit,BTC,0.49919998,,,
2017-04-06 13:33:56,Deposit,3287904251,Bitcoin,,,Credit,BTC,8.99919998,,,
2017-04-06 13:33:56,Deposit,3287904252,Bitcoin,,,Credit,BTC,0.7779217,,,
2017-04-06 13:33:56,Deposit,3287904253,Bitcoin,,,Credit,BTC,0.02899998,,,
2017-04-06 13:33:56,Deposit,3287904254,Bitcoin,,,Credit,BTC,0.59919998,,,
2017-04-06 13:33:56,Deposit,3287904255,Bitcoin,,,Credit,BTC,3.59919998,,,
2017-04-06 13:33:56,Deposit,3287904256,Bitcoin,,,Credit,BTC,6.99869998,,,
2017-04-06 13:33:56,Deposit,3287904257,Bitcoin,,,Credit,BTC,7.75497253,,,
2017-04-06 13:33:56,Deposit,3287904258,Bitcoin,,,Credit,BTC,0.55475553,,,
2017-04-06 13:33:56,Deposit,3287904259,Bitcoin,,,Credit,BTC,0.47757006,,,
2017-04-06 13:33:56,Deposit,3287904260,Bitcoin,,,Credit,BTC,2.9987238,,,
2017-04-06 13:33:56,Deposit,3287904261,Bitcoin,,,Credit,BTC,4.99919998,,,
2017-04-06 13:33:56,Deposit,3287904262,Bitcoin,,,Credit,BTC,0.03756363,,,
2017-04-06 13:33:56,Deposit,3287904263,Bitcoin,,,Credit,BTC,9.99919998,,,
2017-04-06 13:33:56,Deposit,3287904264,Bitcoin,,,Credit,BTC,2.99919998,,,
2017-04-06 13:33:56,Deposit,3287904265,Bitcoin,,,Credit,BTC,4.99919998,,,
2017-04-06 13:33:56,Deposit,3287904266,Bitcoin,,,Credit,BTC,1.33540997,,,
2017-04-06 13:33:56,Deposit,3287904267,Bitcoin,,,Credit,BTC,0.02729085,,,
2017-04-06 13:33:56,Deposit,3287904268,Bitcoin,,,Credit,BTC,0.69919998,,,
2017-04-06 13:33:56,Deposit,3287904269,Bitcoin,,,Credit,BTC,18.99909998,,,
2017-04-06 13:33:56,Deposit,3287904270,Bitcoin,,,Credit,BTC,0.79919998,,,
2017-04-06 13:33:56,Deposit,3287904271,Bitcoin,,,Credit,BTC,51.43919998,,,
2017-04-06 13:33:56,Deposit,3287904272,Bitcoin,,,Credit,BTC,0.99919998,,,
2017-04-06 13:33:56,Deposit,3287904273,Bitcoin,,,Credit,BTC,3.98909998,,,
2017-04-06 13:33:56,Deposit,3287904274,Bitcoin,,,Credit,BTC,30.09919998,,,
2017-04-06 13:33:56,Deposit,3287904275,Bitcoin,,,Credit,BTC,0.09919998,,,
2017-04-06 13:33:56,Deposit,3287904276,Bitcoin,,,Credit,BTC,4.25889587,,,
2017-04-06 13:33:56,Deposit,3287904277,Bitcoin,,,Credit,BTC,0.04172339,,,
2017-04-06 13:33:56,Deposit,3287904278,Bitcoin,,,Credit,BTC,0.99650983,,,
2017-04-06 13:33:56,Deposit,3287904279,Bitcoin,,,Credit,BTC,0.19919998,,,
2017-04-06 13:33:56,Deposit,3287904280,Bitcoin,,,Credit,BTC,0.21309998,,,
2017-04-06 13:33:56,Deposit,3287904281,Bitcoin,,,Credit,BTC,1.99869998,,,
2017-04-06 13:33:56,Deposit,3287904493,Bitcoin,,,Credit,BTC,0.00919998,,,
2017-04-06 13:33:56,Deposit,3287904494,Bitcoin,,,Credit,BTC,0.74919998,,,
2017-04-06 13:33:56,Deposit,3287904495,Bitcoin,,,Credit,BTC,0.99909998,,,
2017-04-06 13:33:56,Deposit,3287904496,Bitcoin,,,Credit,BTC,1.99919998,,,
2017-04-06 13:33:56,Deposit,3287904497,Bitcoin,,,Credit,BTC,0.49919998,,,
2017-04-06 13:33:56,Deposit,3287904498,Bitcoin,,,Credit,BTC,0.49919998,,,
2017-04-06 13:33:56,Deposit,3287904499,Bitcoin,,,Credit,BTC,1.99919998,,,
2017-04-06 13:33:56,Deposit,3287904500,Bitcoin,,,Credit,BTC,19.99919998,,,
2017-04-06 13:33:56,Deposit,3287904501,Bitcoin,,,Credit,BTC,0.19919998,,,
2017-04-06 13:33:56,Deposit,3287904502,Bitcoin,,,Credit,BTC,4.59919997,,,
2017-04-06 13:33:56,Deposit,3287904503,Bitcoin,,,Credit,BTC,2.99919998,,,
2017-04-06 13:35:14,Deposit,3287904187,Bitcoin,,,Credit,BTC,4.99919998,,,
2017-04-06 13:35:14,Deposit,3287904188,Bitcoin,,,Credit,BTC,1.15869998,,,
2017-04-06 13:35:14,Deposit,3287904189,Bitcoin,,,Credit,BTC,0.99909998,,,
2017-04-06 13:48:33,Deposit,3287904184,Bitcoin,,,Credit,BTC,0.18119998,,,
2017-04-06 13:48:33,Deposit,3287904185,Bitcoin,,,Credit,BTC,0.44919998,,,
2017-04-06 13:48:33,Deposit,3287904186,Bitcoin,,,Credit,BTC,0.23919998,,,
2017-04-06 13:48:33,Deposit,3287904386,Bitcoin,,,Credit,BTC,1.61909998,,,
2017-04-06 13:48:33,Deposit,3287904387,Bitcoin,,,Credit,BTC,0.01623839,,,
2017-04-06 13:48:33,Deposit,3287904388,Bitcoin,,,Credit,BTC,0.68599998,,,
2017-04-06 13:48:33,Deposit,3287904389,Bitcoin,,,Credit,BTC,0.09899998,,,
2017-04-06 13:48:33,Deposit,3287904390,Bitcoin,,,Credit,BTC,0.19919998,,,
2017-04-06 13:48:33,Deposit,3287904391,Bitcoin,,,Credit,BTC,48.99919998,,,
2017-04-06 13:48:33,Deposit,3287904392,Bitcoin,,,Credit,BTC,0.09879243,,,
2017-04-06 13:48:33,Deposit,3287904393,Bitcoin,,,Credit,BTC,9.99919998,,,
2017-04-06 13:48:33,Deposit,3287904394,Bitcoin,,,Credit,BTC,0.28507998,,,
2017-04-06 14:00:52,Deposit,3287904378,Bitcoin,,,Credit,BTC,3.89759998,,,
2017-04-06 14:00:52,Deposit,3287904379,Bitcoin,,,Credit,BTC,0.22569998,,,
2017-04-06 14:00:52,Deposit,3287904380,Bitcoin,,,Credit,BTC,0.45699998,,,
2017-04-06 14:00:52,Deposit,3287904381,Bitcoin,,,Credit,BTC,0.19919998,,,
2017-04-06 14:00:52,Deposit,3287904382,Bitcoin,,,Credit,BTC,0.01028069,,,
2017-04-06 14:00:52,Deposit,3287904383,Bitcoin,,,Credit,BTC,0.99919998,,,
2017-04-06 14:00:52,Deposit,3287904384,Bitcoin,,,Credit,BTC,0.24869998,,,
2017-04-06 14:00:52,Deposit,3287904385,Bitcoin,,,Credit,BTC,0.49919998,,,
2017-04-06 14:04:40,Deposit,3287904377,Bitcoin,,,Credit,BTC,0.45699998,,,
2017-04-06 14:42:15,Deposit,3287904376,Bitcoin,,,Credit,BTC,3.72421442,,,
2017-04-06 15:11:38,Deposit,3287904375,Bitcoin,,,Credit,BTC,2.99919998,,,
2017-04-06 15:36:40,Deposit,3287904373,Bitcoin,,,Credit,BTC,0.19919998,,,
2017-04-06 15:36:40,Deposit,3287904374,Bitcoin,,,Credit,BTC,0.29919998,,,
2017-04-06 19:23:28,Deposit,3287904371,Bitcoin,,,Credit,BTC,0.00919998,,,
2017-04-06 19:23:28,Deposit,3287904372,Bitcoin,,,Credit,BTC,0.1009482,,0,
2017-05-04 7:08:41,Withdrawal,3287904370,Bitcoin,,,Debit,BTC,-52.31124937,,"$80,368.35",
2017-05-04 7:08:41,Withdrawal,3287904370,Bitcoin,,,Network Fee,BTC,-0.00065084,,$1.00,
2017-05-04 23:06:47,Withdrawal,3287904369,Bitcoin,,,Debit,BTC,-59.89847167,,"$92,024.97",
2017-05-04 23:06:47,Withdrawal,3287904369,Bitcoin,,,Network Fee,BTC,-0.00072831,,$1.12,
2017-05-15 21:52:21,Withdrawal,3287904368,Bitcoin,,,Debit,BTC,-62.498063,,"$110,866.14",
2017-05-15 21:52:21,Withdrawal,3287904368,Bitcoin,,,Network Fee,BTC,-0.00033696,,0.6,
2017-05-19 7:14:19,Withdrawal,3287904367,Bitcoin,,,Debit,BTC,-109.998824,,"$227,975.58",
2017-05-19 7:14:19,Withdrawal,3287904367,Bitcoin,,,Network Fee,BTC,-0.00037598,,0.78,
2017-08-02 1:33:24,Withdrawal,3287904366,Bitcoin,,,Debit,BTC,-37.228912,,"$100,629.91",
2017-08-02 1:33:24,Withdrawal,3287904366,Bitcoin,,,Network Fee,BTC,-0.00483068,,$13.06,
2018-04-02 1:20:08,Withdrawal,3287904365,Bitcoin,,,Debit,BTC,-1505.599154,,"$10,627,521.56",
2018-04-02 1:20:08,Withdrawal,3287904365,Bitcoin,,,Network Fee,BTC,-0.00033892,,$2.39,
2018-08-06 23:18:08,Withdrawal,3287904364,Bitcoin,,,Debit,BTC,-200.5113881,,"$1,259,829.10",
2018-08-06 23:18:08,Withdrawal,3287904364,Bitcoin,,,Network Fee,BTC,-0.0000235,,0.15,
2018-10-15 20:18:12,Deposit,3287904183,Bitcoin,,,Credit,BTC,0.00000567,,,
2018-10-16 18:45:41,Withdrawal,3287904182,Bitcoin,,,Debit,BTC,-129.237393,,"$840,078.05",
2018-10-16 18:45:41,Withdrawal,3287904182,Bitcoin,,,Network Fee,BTC,-0.00021613,,$1.40,
2018-10-19 7:35:43,Deposit,3287904181,Bitcoin,,,Credit,BTC,0.00696,,,
2018-10-23 11:50:56,Deposit,3287904180,Bitcoin,,,Credit,BTC,0.00000888,,,
2019-03-03 23:52:19,Withdrawal,3287904179,Bitcoin,,,Debit,BTC,-54.99910319,,"$210,843.24",
2019-03-03 23:52:19,Withdrawal,3287904179,Bitcoin,,,Network Fee,BTC,-0.00009679,,0.37,
2019-03-16 0:17:45,Deposit,3287904178,Bitcoin,,,Credit,BTC,0.00000546,,,
2019-03-21 22:19:45,Deposit,3287904177,Bitcoin,,,Credit,BTC,0.00000546,,,
2019-05-08 0:27:31,Withdrawal,3287904176,Bitcoin,,,Debit,BTC,-1003.826346,,"$5,830,922.30",
2019-05-08 0:27:31,Withdrawal,3287904176,Bitcoin,,,Network Fee,BTC,-0.00228362,,$13.26,
2019-07-05 22:44:19,Withdrawal,3287904175,Bitcoin,,,Debit,BTC,-250.4648595,,"$2,757,252.35",
2019-07-05 22:44:19,Withdrawal,3287904175,Bitcoin,,,Network Fee,BTC,-0.00668292,,$73.57,
2019-07-23 10:25:59,Deposit,3287904174,Bitcoin,,,Credit,BTC,0.00000547,,,
2020-02-25 0:51:57,Withdrawal,3287904173,Bitcoin,,,Debit,BTC,-900.0050677,,"$7,910,560.98",
2020-02-25 0:51:57,Withdrawal,3287904173,Bitcoin,,,Network Fee,BTC,-0.0031506,,$27.69,
2020-03-22 19:30:20,Deposit,3287904172,Bitcoin,,,Credit,BTC,0.000006,,,
2020-03-31 21:22:37,Deposit,3287904171,Bitcoin,,,Credit,BTC,0.000006,,,
2020-08-08 15:42:07,Deposit,3287904170,Bitcoin,,,Credit,BTC,0.00000547,,,
2020-08-16 12:34:23,Deposit,3287904169,Bitcoin,,,Credit,BTC,0.00000547,,,
2020-09-02 18:36:51,Deposit,3287904168,Bitcoin,,,Credit,BTC,0.00000547,,,
2020-10-02 21:28:13,Deposit,3287904167,Bitcoin,,,Credit,BTC,0.00000547,,,
2020-10-19 0:55:40,Deposit,3287904166,Bitcoin,,,Credit,BTC,0.00000547,,,
2020-11-21 1:12:13,Deposit,3287904165,Bitcoin,,,Credit,BTC,0.00000547,,,
2020-12-22 3:24:21,Deposit,3287904164,Bitcoin,,,Credit,BTC,0.00000547,,,
2021-01-19 6:37:26,Deposit,3287904163,Bitcoin,,,Credit,BTC,0.00000547,,,
2021-02-05 14:56:31,Deposit,3287904162,Bitcoin,,,Credit,BTC,0.00000547,,,
2021-02-24 8:42:16,Deposit,3287904161,Bitcoin,,,Credit,BTC,0.00000547,,,
2021-03-26 3:05:18,Deposit,3287904160,Bitcoin,,,Credit,BTC,0.00000547,,,
2021-04-16 7:00:27,Deposit,3287904159,Bitcoin,,,Credit,BTC,0.00000547,,,
2021-05-15 0:19:11,Deposit,3287904158,Bitcoin,,,Credit,BTC,0.00000547,,,
2021-06-26 10:47:01,Deposit,3287904157,Bitcoin,,,Credit,BTC,0.00000547,,,
2022-11-25 10:02:47,Deposit,3287904156,Bitcoin,,,Credit,BTC,0.001,,,
2023-02-08 19:28:28,Withdrawal,3287904155,Bitcoin,,,Debit,BTC,-131.9297472,,"$2,989,916.93","$33,038,966.14"
